1,4c761d5f-fdd3-4b94-8369-68f7f93f60d1,Rudolf Gustin,08.12.2017,jacoby_bingamang5ak@administered.ypy
2,251e815e-6af9-474a-a47c-667a1e9f6ff9,Najla Mcelfresh,09.06.1983,karin_pettway0yj@retailers.flx
3,3dc01334-efd4-45ba-8a72-db33df7bcd69,Denea Spearman,16.10.1978,marte_mccoyq@resort.bi
4,1a6891f6-9d46-4d5c-a963-738a15805b3c,Stetson Tassone,09.02.1997,lou_spurlockxy@carbon.dc
5,cbe94994-4b6c-4356-973b-cee42044df51,Tamecka Pelaez,29.04.1979,luciano_caverktz@seventh.dez
6,ac9daa19-6dfc-4f27-9aab-d60ca148678b,Tinisha Lisle,22.11.1989,saleena_carberryt@pavilion.kt
7,a3558b10-d526-4d68-a8c5-425a8ddaf0aa,Jared Marchan,16.11.2003,tahnee_goodingfqk@jail.bjh
8,31d5a32a-a133-45a3-aa1e-b81f3bbe567c,Davonne Backer,31.10.2012,lanay_rufuszye@produces.bwi
9,207f8386-0c1e-40f5-8151-d2ae332c93ac,Conor Magana,13.09.1986,emili_doddshf@answers.iok
10,20f34805-5990-41fd-8586-1d10c7501c4a,Shakeia Ambrose,16.11.2020,stephene_readergdj@function.dq
11,9bcf1135-9173-4384-9599-90413e5f9ee2,Victorino Domingue,12.12.1988,marlicia_huffordcn@effects.qf
12,58859d27-0f2a-4e7b-b6d8-c323a5ec9dbe,Jashan Mcnamee,15.06.2016,travonta_ballewk2y@clay.ve
13,c042131e-2c78-4b35-947b-54f219a18e41,Shanyn Kocher,18.04.1970,gurpreet_meece7@parenting.xkp
14,22ff171c-9831-4a3a-8d0d-18d35fde95c0,Hendrick Rutkowski,22.10.1985,teala_staggsyju@industries.kbz
15,5d057c79-8a09-4c70-8ac7-9ca1766e7a2e,Kentrel Pence,23.01.2015,ein_vancleavesd@blah.cjv
16,65ec58cd-c33d-43df-844c-6c0f6b9c6571,Raiza Burbach,30.07.2000,nikea_friendhhcn@sustainability.op
17,97817b5f-102c-4dea-9874-32e01effcbaf,Breann Kluesner,19.01.2015,tiare_lochm@employ.hbt
18,9a77c6db-ffc4-449e-ae0a-91147b276908,Tierney Weigle,12.08.1983,keelin_goodka@defense.ru
19,54911ab3-f9ce-45f4-be5b-5d3bc9a48442,Dequarius Ayala,01.04.1991,jeffrie_reinhold0wwr@simpson.vvu
20,fff6a873-35ae-4fcb-b081-5ed33e30e7c2,Don Loiselle,01.09.2013,dywane_kearnsd6j@annually.wuw
21,b5abe55a-40e7-480e-bc00-3e87db206a6f,Jama Reiff,24.07.1983,laterica_klemfavx@hist.mf
22,b2c4634e-f789-491c-982f-fd388d6f8eb8,Jawann Belmonte,09.09.1994,filiberto_eiler3arn@proteins.wg
23,625cee33-8039-483b-b699-42245a243b92,Aisha Lawton,27.07.1977,terrall_earlesfry@nearly.ghv
24,ff434d52-9008-4b17-bcdf-fa8ba8dccb00,Delroy Delia,29.10.2012,danille_maindyqi@serves.br
25,5498853b-f433-465d-901f-8e27011a94f6,Vanesha Santillan,29.06.1986,jeno_cancholao@include.yf
26,4be72ba4-4320-4c71-94f8-f84a634deaa5,Kortni Fritch,01.03.2008,siaosi_swintr@dirt.fiq
27,efa39b79-b5fd-41f3-96d0-eda4e9e9a242,Chessa Parke,05.06.2017,belal_ulricht@slides.gxk
28,2db6c5a6-a6d2-4a39-aec1-5afced5feef1,Antwyne Iversen,03.06.1999,abdul_hendrixr2o3@hungry.ciq
29,c919741a-2768-4bf5-9d38-2392d99564f3,Shalamar Mosca,28.08.1984,aubrie_woodhamsjqn@tribal.udy
30,f6ea56df-f4b2-4286-8db2-a4eb5cef1ad1,Roy Hoy,29.04.1989,corby_tsengb3@gadgets.tjm
31,4da773fb-43b0-4530-a89d-ec263c6f48d4,Toneisha Comeau,02.08.2010,tomara_colleyrqje@calibration.wv
32,979b091d-5130-4f24-b8de-0e9a03ead1b8,Larrisa Burk,16.07.1978,nelson_mcconnellq@mega.gr
33,6a357a5d-ed1f-4553-b993-4e58a66f1e4e,Ramon Bergan,07.11.2017,chuck_monzoqhwd@corrections.hvu
34,9d097ed0-1dbc-4f46-ad12-83ee76b2adcf,Trenisha Ridgley,27.07.1973,ezra_gambrell7@americas.ygu
35,900c668c-d8e2-46ab-93e8-0ea85d4773a2,Letesha Millis,13.04.2009,mecaela_ashmanyo7@north.syo
36,990bee76-45c1-414b-837e-93e1cad7efe3,Renay Franko,09.05.2004,jeremiah_selphgc@western.myw
37,12df8744-2e9d-44f6-aa9a-4001b947d885,Magon Liriano,22.06.1999,jauan_blubaughqr@algorithm.zqw
38,1a9e607b-3e16-4e79-8a9c-72556a875096,Dawnetta Fresquez,20.05.2005,elice_quintg7@sheer.as
39,fa2efd1b-0adf-46a2-b2b1-8469d47e88db,Eyad Brasher,28.12.1978,rima_glineskx@configured.xyr
40,993acecc-e66e-4e3a-bb95-9dd98eacd2a1,Alphonse Prasad,06.03.2012,delise_ippolitomgdm@spec.zhc
41,e0da13d6-3e19-4592-a9c0-ed0542bd1ed2,Jari Duryea,24.05.2005,rudolf_clyburnv@refers.gg
42,0c268508-f972-4cdc-9243-44cd881e4576,Taquisha Holding,26.08.1994,claudie_elsert@rational.pbh
43,0c4abfec-c59f-4188-a69a-39f327f5ded9,Kennette Sandoz,24.01.2012,yancy_bonnettba5@yields.bj
44,2352556e-2cb7-4ba4-ad1b-d89b7515273e,Karlton Garnett,04.01.2018,mandi_mcgregorma@reasonable.ngc
45,71e3d641-dc8b-4516-b3a3-90288012e182,Kirstie Shiffer,15.06.1989,kerriann_bonhamg6db@algorithm.oln
46,5dd6f2e1-87a4-4e70-85e3-af3ab8eea87a,Mikhail Rolling,20.07.1997,corneilus_reichele9a@brighton.gi
47,82ec047f-295f-486b-a272-d627d6050904,Pamella Thao,09.10.1990,tristan_beaulieus4l@sentence.bl
48,ee2f79e5-fc22-40c8-8f9a-660625ba61f8,Lenard Grindle,10.09.1996,contina_lamaycycc@data.zz
49,72816388-0ade-400d-aea5-08a6171a4c47,Quinten Silva,21.08.2022,rad_ellenderka3j@sharp.yrv
50,a3e0481b-42e9-4cba-9c03-71bb694a65d5,Kindel Killebrew,14.08.1976,jeorge_kuhlmanngvm@venture.lt
51,dd6c40ba-cdb0-42c4-b445-2dad20980722,Silvio Borrelli,14.02.1991,genesia_gillinghamd@hundreds.pp
52,85464d7d-9030-4196-b215-8508303e6dc3,Edelmiro Pinkney,19.01.2018,deniece_hartzwz@worcester.qq
53,32e31948-2ad0-4c87-86a5-9e7e3b9833db,Cecila Cortes,03.02.1988,shavonne_blakeyz8@moderate.zbz
54,2539ad7a-05f8-4c68-8c1f-bced2997ff9f,Kalynn Adam,01.12.1990,remigio_pittengertkrc@kitty.rxn
55,844d2674-32a8-46d7-9668-55e88bece15c,Shaniqua Howells,21.05.1989,ladonya_catalanjh@ends.fi
56,63289ca6-2312-4c20-aab4-90067fdab407,Kelsy Helwig,02.06.2003,shantivia_agostinivm@dir.le
57,ce432c9b-eb26-45d1-a999-6be1c34d5384,Latifah Albertson,15.11.1973,pritesh_howingtonja@howard.goy
58,dcfabe19-1bfa-4d0b-b13a-806647c3b830,Mcihael Hayhurst,21.08.1981,dulce_schnellpfsd@warcraft.dei
59,041e0d8b-598c-44ca-a6c3-3dff5fffc061,Demar Manfredi,15.06.2013,makinzie_weinbergpl5d@minimal.vfl
60,1af4e842-693d-4230-a00a-d3f160fcf4ac,Tekla Mizrahi,13.01.1978,chenin_romequ7@buf.jx
61,1a90f52e-0dd2-46ef-a2d1-736856cba856,Florence Hug,12.04.2000,karalynn_uribev@seniors.zi
62,008f5dee-8f56-4536-96bd-2af03a816a06,Rithy Brigham,26.09.1983,jeromiah_hunsakerk6g@skiing.ohp
63,91d99778-6a64-4c6b-be4f-8c32e8130194,Miquel Brunswick,24.11.2010,latashia_torrencelrp@manhattan.gq
64,c392bd5b-49e0-40fa-8793-e6905d8f9fb3,Jacquelene Allee,28.03.2003,kaneisha_stgeorgero@massage.wov
65,aca366eb-2b57-4a7a-b445-42f9a002925f,Kalene Harlan,25.10.1984,francoise_janghxn@constitution.ps
66,9bdf57de-45ac-4453-8e53-4b178c941d78,Jazmin Koury,15.08.2019,oris_overbayt7f@oaks.cug
67,8d2de95c-93e2-40c5-bf63-7f9c68124c2e,Jock Romanowski,01.01.2006,laural_esteyv@perth.ksa
68,e516992d-839d-4a99-9ad1-d62f47a0017e,Arlena Han,18.03.1973,zac_poplina@carlo.whe
69,852a6e07-a299-4f8c-8b22-89374c2c73f2,Karim Choate,31.01.1978,chrystopher_palumbobvsa@university.ux
70,eb65c895-c562-418b-97ea-b02ce4044fda,Ariane Weddle,18.08.1983,jones_saltersh5@dramatic.lmo
71,83a3ce3f-4a28-4481-841d-0ea249ed5c2f,Lannie Haglund,24.08.1972,recardo_stabler1@los.rlb
72,8f005c2c-ff1d-4cd5-aed3-e1e5c52fd12e,Shawnna Theberge,19.08.2011,ricci_garsteh5y@curve.ygj
73,0e2834ac-6cb9-44ce-bd55-ee299f841acd,Shirin Suarez,04.07.2001,harry_ferrierr07@federation.zi
74,e5288413-50c8-4875-bf1f-4602f3d99e56,Maurisha Hampson,14.05.1993,berton_holmgren8w3n@newest.gr
75,593c2e74-68e4-4c9f-93a2-21e3952d4ba0,Dashawna Berkeley,30.09.1970,tyke_magnerg@keeps.bv
76,8aa4532c-b665-4d18-836e-e9382df53106,Gill Follett,14.06.1973,juliann_fogel4v@crawford.igj
77,4d3ab660-7cfe-40bd-b9e6-457231009e91,Chenel Strawbridge,04.06.1976,penny_collxv@fields.adm
78,5309eadc-5e47-4b60-9edd-3b6f4f859f46,Jadon Irish,23.07.1986,charlotta_birdsalld@low.ns
79,51613a17-514c-404b-bb01-437a354f4b7d,Zofia Bookman,18.06.1983,honorio_ashlockhpm@globe.bno
80,3acaa1b5-7ae1-4e8b-b181-8a922c5f0a99,Devin Askins,23.09.1984,ruperto_pulvernjyw@right.egj
81,fb53ba0a-bbf1-487a-820b-d9c3652f1b15,Mya Crocker,12.02.2005,basilio_capehartwl@classified.ve
82,95bdb45f-1f47-41fb-9d28-16a11d06aefa,Brittan Hollins,04.03.2009,shahid_callesv@interactive.kkx
83,98ab1a5b-9ce0-4545-8c51-eb42d7e83ec1,Murice Engles,09.05.1991,jeriah_mcgrawajwc@multiple.xub
84,521e0304-529b-4b0e-88ff-a1302da73aee,Catalino Stjean,20.11.1971,danamarie_lalondeajkh@enough.zbp
85,4c86e6c8-d2b4-46d4-a6fe-9d5464d35393,Michella Fleisher,24.10.1983,rocco_luisopg@furthermore.hz
86,bbfdff31-0531-41ff-95f8-9d3296f9420f,Elson Bostic,01.07.1984,channy_aponteshve@document.kbc
87,6f91c9b5-5c22-43fd-ac24-928c91cd1fb8,Elizibeth Henning,13.04.2006,brenin_hostetleracf@adjustable.waj
88,ed09f0db-71ea-441b-bee7-23f9acaf4ec6,Emre Tsan,12.12.1972,kenson_madsenyv@tracking.un
89,ff6765dc-b191-4e45-b8cf-804f3671e1e7,Alisha Wozniak,08.04.2008,purnell_burroughe@del.asq
90,61801169-6002-4488-8c6f-ecc8479b3c4c,Monta Weiland,26.08.1972,ebonye_ferrariua@screensavers.reh
91,fa472bf1-3072-406d-8479-394fae95aa15,Claudio Anders,13.05.2005,brand_yehcapy@allow.eyc
92,8e50f5b7-19e6-4bf1-a172-9b6ce237e4fa,Laranda Rogge,29.08.1976,monika_arnoneed@century.fzc
93,d880fa2a-b0ca-4eb5-bc49-5ba13da00996,Shain Mazzola,25.09.1972,mena_catalanue@difficulty.am
94,31e1e16e-84a4-4857-8cd2-3029634b40ce,Zarah Lepore,05.05.2013,daine_mccollistere@princess.zju
95,10575671-a8fb-47cf-aced-06167f821df3,Avraham Lunsford,28.05.1997,labrandon_yountst@oxford.nmn
96,b7bcec12-ac69-4bb3-97ac-ce2ccb4193ab,Cena Bejarano,22.11.2003,lennis_dickensl@joseph.uc
97,48f9eb33-ac1d-4e46-be32-c4d3b7fafe51,Tho Benfield,21.05.1980,bette_neroed3y@overview.lb
98,e0f5f9ea-a507-44f1-aa81-d0fdd175024c,Terrell Pooley,18.08.1972,ambrose_natalf0a7@phentermine.nv
99,f7964681-7fcb-4581-a034-ec6f22d727fe,Leighanne Lehr,30.03.2014,eoin_leath7@premium.rn
100,076f6db3-2cc5-4b98-8f64-d28d8b7180c3,Ashlyne Kimmel,27.10.1996,brand_elizaldepab2@intensity.ymy
